{"cameraMode":{"drawMode":0,"name":"Shaded","section":"Shading Mode"},"sceneLighting":true,"audioPlay":false,"sceneViewState":{"m_AlwaysRefresh":false,"showFog":true,"showSkybox":true,"showFlares":true,"showImageEffects":true,"showParticleSystems":true,"showVisualEffectGraphs":true,"m_FxEnabled":true},"in2DMode":false,"pivot":{"x":-1.0637836456298829,"y":4.834939479827881,"z":2.1700000762939455},"rotation":{"x":-0.14827090501785279,"y":-0.13836388289928437,"z":0.020955516025424005,"w":-0.9789952039718628},"size":3.3526031970977785,"orthographic":false}