{"cameraMode":{"drawMode":0,"name":"Shaded","section":"Shading Mode"},"sceneLighting":true,"audioPlay":false,"sceneViewState":{"m_AlwaysRefresh":false,"showFog":true,"showSkybox":false,"showFlares":true,"showImageEffects":true,"showParticleSystems":true,"showVisualEffectGraphs":true,"m_FxEnabled":true},"in2DMode":false,"pivot":{"x":1.6119999885559083,"y":0.8339999914169312,"z":-3.950000047683716},"rotation":{"x":-0.2234000861644745,"y":-0.008190125226974488,"z":0.0018771571340039373,"w":-0.9746903777122498},"size":0.220310777425766,"orthographic":false}