{"cameraMode":{"drawMode":0,"name":"Shaded","section":"Shading Mode"},"sceneLighting":false,"audioPlay":false,"sceneViewState":{"m_AlwaysRefresh":false,"showFog":true,"showSkybox":false,"showFlares":true,"showImageEffects":true,"showParticleSystems":true,"showVisualEffectGraphs":true,"m_FxEnabled":true},"in2DMode":false,"pivot":{"x":0.4499061107635498,"y":4.6470160484313969,"z":0.9667825698852539},"rotation":{"x":-0.11389831453561783,"y":-0.05302879586815834,"z":0.006088157184422016,"w":-0.992056667804718},"size":4.852603435516357,"orthographic":false}